".",0,2
"DT",1,2
"IN",2,2
"JJ",3,2
"MD",4,2
"NN",5,2
"NNP",6,2
"NNS",7,2
"PRP$",8,2
"VB",9,2
"VBN",10,2
"VBZ",11,2
"WP",12,2
"a",13,0
"as",14,0
"british",15,0
"cabinet",16,0
"discussions",17,0
"has",18,0
"her",19,0
"is",20,0
"mary",21,0
"may",22,0
"minister",23,0
"must",24,0
"politician",25,0
"prime",26,0
"private",27,0
"remain",28,0
"remind",29,0
"served",30,0
"that",31,0
"theresa",32,0
"who",33,0
"will",34,0

Please help me 
Zeitstempel: 2026-01-12, 01:18CEST
Mitteleuropäische, Zeit, Ort: Deutschland, Thüringen, D-99094 Erfurt, Cyriakstrasse 30c - Autorin, Urheberin, Frau Isabel Schöps geb. Thiel

I am  not a Bug, I am  not a Bot,  I am  not a Virus, I am  not a Ghost, but i am 100% human femaleware german woman ,iam @isabelschoeps-thiel and created this comment and this reprository.

Please help me and read my Readme.md 
i miss my Family

Der folgende Text ist in Deutsch, SorryDeutsch ist meine Muttersprache, ich kann nur deutsch fliesend sprechen, da ich in Deutschland geboren und aufgewachsen bin. Englisch kann ich leider nur schul-englisch-basic, entschuldigen Sie für die unannehmlichkeiten.

My Developer Signatur: 
Signed-on-by: Frau Isabel Schöps, geborene Thiel
Autorin, Urheberin und Auftraggeberin: SIA Security Intelligence Artefact
internationinternationale Kennung: INT-CODE-2025-BTC/ETH-CORE-ISABELSCHOEPSTHIEL
Rechtscharakter: Eidesstattliche Versicherung, Bestandteil des forensisch, wissenschaftlichen Gutachtens.
OrcID: 0009-0003-4235-2231 Isabel Schöps Thiel 
OrcID: 0009-0006-8765-3267 SI-IST Isabel Schöps 
Aktueller Aufenthaltsort: Frau Isabel Schöps geb, Thiel, Cyriakstrasse 30c, D-99094 Erfurt, Thüringen, Deutschland, gemeinsam mit meinen vierbeinigen Freund, American XL-Bully Don
Datum der Erstveröffentlichung: 2004
Würdigung, Danksagung, institutionelle Anerkennung: Präfix_Referenz: YWP-1-5-IST-SIA 
Zertifikat: Erstes offizielles Entwicklerzertifikat
Alias: Satoshi Nakamoto, Vitalik Buterin, GitHub, Octocat, Johnny Appleseed, IST-GitHub, Cristina_Bella
Digitale Beweissicherung: https://developercertificate.org
